sigma,mean_psd,variance_psd,skewness,kurtosis
0.1,0.093667662495732673854191707048941135849483317970524,7.988085259553549421374588220407636948820080476829e-07,-0.037619645615562003446880429342438442796743471912814,0.019678748761504534087257234237291492986585172562833
0.5,0.094193362931904269555418321655626342899252639125582,1.7647193736721728994615426528786661223296009129817e-05,0.044274113023306605242748286358506077650909071191428,0.086431007649252151875675202604762077815290094338201
1,0.095672935746335374823292012937060072496597517999423,7.6890134744178079437274848592392750701986535011973e-05,0.15650508391958788302785167002976021373180187014477,-0.03323722283390042099203143502402438440520646326029
3.5,0.11695402590771859984128917432726079443454973804688,0.0010067556598387200054026780775734463541318503126171,0.36883911279829444966392049866060124236131396410318,0.1293420214848242116849661928251655875191000451536
10,0.29884497638595994623039741243587821659795528103026,0.014646390829891920555781140544595779501654490926962,0.84127105779260156443057415531673953163451433911714,1.0379360193143036834715018103418417634883206661078
25,1.3580280613835192235584512835581987000917899772407,0.29758486875698552909056176672198943641900161724314,0.71843322454979184928530836612373029697667449871841,0.49410413372361782825961816754166657137440626887333
50,5.1158319662380420845921508408856383555809824134418,4.0008193180573224512768437425748093291927194235609,0.69825862478635279761156490435474075778294565436899,0.57714765045065228881921505891350027195931525936626
