sigma,mean_psd,variance_psd,skewness,kurtosis
0.1,0.093686183982363503,7.4402567215627873e-07,0.10269764383779155,0.099928833284735397
0.5,0.094357780704030634,2.0033380016293608e-05,0.050995278531730867,-0.045550626538138811
1,0.095260455011446065,6.850322397409528e-05,0.14524620455050737,-0.14433990971448871
3.5,0.11909678399409321,0.0010630801579986907,0.54524131981845107,0.95050648609942159
10,0.28952781124304353,0.012356301544151411,0.61557469726998432,0.22773681393169479
25,1.3542282173152002,0.27450876978655579,0.79103661319452423,0.94297639069383535
50,5.1752481339498868,4.1178112362246843,0.86805680375663054,1.3501674143405628
