sigma,mean_psd,variance_psd,skewness,kurtosis
0.1,0.093666633732948104,7.7925402968653979e-07,0.14415525235595794,0.039338813329236721
0.5,0.094309289177460592,1.8872057295278468e-05,0.036170534425497454,-0.028752479722279123
1,0.095415311907842484,7.0697545857895428e-05,0.078722501453980465,-0.11054671399915827
3.5,0.11844279230192539,0.0010102621231752344,0.53625949135161943,0.74944702318340273
10,0.28775066556248213,0.013451431987829353,0.78773866730122299,0.74808575010954703
25,1.3246404218582271,0.28326474030611659,0.78382847557459201,0.61500685770803587
50,5.0806878871976631,4.354197685373344,1.0282212017187145,1.6786139409225296
